internalTaxonId,scientificName,kingdomName,phylumName,orderName,className,familyName,genusName,speciesName,infraType,infraName,infraAuthority,subpopulationName,authority,taxonomicNotes
16752,Petrogale coenensis,ANIMALIA,CHORDATA,DIPROTODONTIA,MAMMALIA,MACROPODIDAE,Petrogale,coenensis,,,,,"Eldridge &amp; Close, 1992",
16888,Phascogale calura,ANIMALIA,CHORDATA,DASYUROMORPHIA,MAMMALIA,DASYURIDAE,Phascogale,calura,,,,,"Gould, 1844",
16889,Phascogale pirata,ANIMALIA,CHORDATA,DASYUROMORPHIA,MAMMALIA,DASYURIDAE,Phascogale,pirata,,,,,"(Thomas, 1904)","<i>Phascogale pirata</i> is considered a subspecies of <i>P. tapoatafa</i> by Groves (2005). Recent taxonomic work, however, suggests that <i>P. tapoatafa</i> <i>sensu lato</i> is composed of more than one species, including <i>P. pirata</i>, which is treated here as distinct (Rhind <i>et al.</i> 2001, Spencer <i>et al.</i> 2001; for comments, see Rhind <i>et al.</i> 2008)."
20295,Sminthopsis butleri,ANIMALIA,CHORDATA,DASYUROMORPHIA,MAMMALIA,DASYURIDAE,Sminthopsis,butleri,,,,,"Archer, 1979",
20637,Spilocuscus kraemeri,ANIMALIA,CHORDATA,DIPROTODONTIA,MAMMALIA,PHALANGERIDAE,Spilocuscus,kraemeri,,,,,"(Schwartz, 1910)",Groves in Wilson and Reeder (1993) treated it as a probable synonym of <i>S. maculatus</i>.
20890,Strigocuscus celebensis,ANIMALIA,CHORDATA,DIPROTODONTIA,MAMMALIA,PHALANGERIDAE,Strigocuscus,celebensis,,,,,"(Gray, 1858)",
3339,Burramys parvus,ANIMALIA,CHORDATA,DIPROTODONTIA,MAMMALIA,BURRAMYIDAE,Burramys,parvus,,,,,"Broom, 1896",
40540,Sarcophilus harrisii,ANIMALIA,CHORDATA,DASYUROMORPHIA,MAMMALIA,DASYURIDAE,Sarcophilus,harrisii,,,,,"(Boitard, 1841)","<i>Sarcophilus laniarius</i> has also been used recently in light of comparisons between a fossil specimen, <i>S. laniarius</i> (named prior to the naming of <i>S. harrisii</i>), and the extant species (Werdelin 1987)."
1587,Murexia naso,ANIMALIA,CHORDATA,DASYUROMORPHIA,MAMMALIA,DASYURIDAE,Murexia,naso,,,,,"(Jentink, 1911)","Groves (2005) placed this species in the genus <i>Phascomurexia</i> following a morphocladistic analysis by Van Dyck (2002). Genetic work, however, strongly supports the placement of this species within <i>Murexia</i> (Armstrong <i>et al.</i> 1998; Krajewski <i>et al.</i> 2000, 2007)."
13931,Murexia rothschildi,ANIMALIA,CHORDATA,DASYUROMORPHIA,MAMMALIA,DASYURIDAE,Murexia,rothschildi,,,,,"Tate, 1938","Groves (2005) placed this species in the genus <i>Paramurexia</i> following a morphocladistic analysis by Van Dyck (2002). Genetic work, however, strongly supports the placement of this species within <i>Murexia</i> (Armstrong <i>et al.</i> 1998; Krajewski <i>et al.</i> 2000, 2007)."
1589,Murexia habbema,ANIMALIA,CHORDATA,DASYUROMORPHIA,MAMMALIA,DASYURIDAE,Murexia,habbema,,,,,"(Tate &amp; Archbold, 1941)","Groves (2005) placed this species in the genus <i>Micromurexia</i> following a morphocladistic analysis by Van Dyck (2002). Genetic work, however, strongly supports the placement of this species within <i>Murexia</i> (Armstrong <i>et al.</i> 1998; Krajewski <i>et al.</i> 2000, 2007).
<br>
<br><i>Murexia habbema</i> potentially represents two allopatric species: the subspecies <i>M. h. habbema</i> of the western part of the range (Snow and Star Mountains), and subspecies <i>M. h. hageni</i> of the eastern part of the range (eastern highlands from Mounts Giluwe, Sisa, and Hagen to northern Central Province, Papua New Guinea) (Helgen 2007)."
1591,Murexia melanurus,ANIMALIA,CHORDATA,DASYUROMORPHIA,MAMMALIA,DASYURIDAE,Murexia,melanurus,,,,,"(Thomas, 1899)","Groves (2005) placed this species in the genus <i>Murexechinus</i> following a morphocladistic analysis by Van Dyck (2002). Genetic work, however, strongly supports the placement of this species within <i>Murexia</i> (Armstrong <i>et al.</i> 1998; Krajewski <i>et al.</i> 2000, 2007).
<br>
<br>R.F. Peterson collected a specimen in 1956 from highland forest on the island of Normanby in the D'Entrecasteaux Archipelago (Papua New Guinea) that Brass (1959) assigned to <i>Murexia longicaudata</i>. Van Dyck (2002) considered this specimen to be <i>M. melanurus</i>. Given the uncertainty surrounding this specimen, we have not mapped the species on Normanby (see also Flannery 1995)."
13930,Murexia longicaudata,ANIMALIA,CHORDATA,DASYUROMORPHIA,MAMMALIA,DASYURIDAE,Murexia,longicaudata,,,,,"(Schlegel, 1866)",
40527,Dasykaluta rosamondae,ANIMALIA,CHORDATA,DASYUROMORPHIA,MAMMALIA,DASYURIDAE,Dasykaluta,rosamondae,,,,,"(Ride, 1964)",
16894,Phascolosorex dorsalis,ANIMALIA,CHORDATA,DASYUROMORPHIA,MAMMALIA,DASYURIDAE,Phascolosorex,dorsalis,,,,,"(Peters &amp; Doria, 1876)","<i>Phascolosorex dorsalis</i> represents a species complex that will likely be split into <i>P. dorsalis</i>, endemic to the Arfak Mountains, and <i>P. brevicaudata</i> from the remaining range (with <i>P. b. whartoni</i> as a distinctive subspecies) (K. Helgen pers. comm.)."
16893,Phascolosorex doriae,ANIMALIA,CHORDATA,DASYUROMORPHIA,MAMMALIA,DASYURIDAE,Phascolosorex,doriae,,,,,"(Thomas, 1886)",
1581,Antechinomys laniger,ANIMALIA,CHORDATA,DASYUROMORPHIA,MAMMALIA,DASYURIDAE,Antechinomys,laniger,,,,,"(Gould, 1856)","<p>Two subspecies or ‘forms’ (originally described as full species) have been described, <em>Antechinomys laniger laniger</em> (eastern Australia) and <em>A. l.</em> <em>spenceri</em> (western Australia). Lidicker and Marlow (1970) supported retention of the two species, but Archer (1977) concluded that the differences between the two described species were clinal and considered that <em>Antechinomys</em> is a monotypic genus containing only<em> A. laniger</em>, with two allopatric forms, the nominate form and the '<em>spenceri</em>' form. These subspecies (or ‘forms’) have not been tested using modern molecular methods, and are not accepted here.</p>"
14541,Neophascogale lorentzii,ANIMALIA,CHORDATA,DASYUROMORPHIA,MAMMALIA,DASYURIDAE,Neophascogale,lorentzii,,,,,"(Jentink, 1911)",
40531,Ningaui yvonneae,ANIMALIA,CHORDATA,DASYUROMORPHIA,MAMMALIA,DASYURIDAE,Ningaui,yvonneae,,,,,"Kitchener, Stoddart &amp; Henry, 1983",
40529,Ningaui ridei,ANIMALIA,CHORDATA,DASYUROMORPHIA,MAMMALIA,DASYURIDAE,Ningaui,ridei,,,,,"Archer, 1975",
40530,Ningaui timealeyi,ANIMALIA,CHORDATA,DASYUROMORPHIA,MAMMALIA,DASYURIDAE,Ningaui,timealeyi,,,,,"Archer, 1975",
6265,Dasyuroides byrnei,ANIMALIA,CHORDATA,DASYUROMORPHIA,MAMMALIA,DASYURIDAE,Dasyuroides,byrnei,,,,,"Spencer, 1896",
16890,Phascogale tapoatafa,ANIMALIA,CHORDATA,DASYUROMORPHIA,MAMMALIA,DASYURIDAE,Phascogale,tapoatafa,,,,,"(Meyer, 1793)","<p>The taxonomy of <em>Phascogale tapoatafa</em> is unresolved. It was long considered a single, widely distributed species (Ride 1970). Based on morphological analysis, Rhind <em>et al</em>. (2001) proposed three subspecies: <em>P. t. tapoatafa</em> from south-eastern Australia, <em>P. t. pirata</em> from northern Australia (Kimberley and Northern Territory) and an unnamed subspecies from south-western Australia. Using genetic analyses, Spencer <em>et al</em>. (2001) proposed that <em>Phascogale</em> comprised four distinct lineages: the three groups mentioned above plus <em>P. calura</em>, and inferred that the three taxa within <em>P. tapoatafa</em> be recognised as full species. Later, Soderquist and Rhind (2008) recognised the Northern Territory, but not the Kimberley, population as <em>P. pirata</em>, labelling the Kimberley population as an undescribed subspecies; however no analyses supporting this taxonomy have been published. In this Action Plan, we have followed this taxonomy. M. Westerman <em>et al</em>. (<em>pers. comm</em>.) have unpublished genetic data supporting the separation of <em>P. pirata</em> from <em>P. tapoatafa</em>, but have been unable to obtain samples from Kimberley animals. As currently recognised, there are three subspecies: </p>    <p><em>P. t. tapoatafa</em> is Near Threatened;</p>  <p><em>P. t. </em>(south-western Australia) is Near Threatened;</p>  <p><em>P. t. </em>(Kimberley) is Endangered.</p>"
16138,Parantechinus apicalis,ANIMALIA,CHORDATA,DASYUROMORPHIA,MAMMALIA,DASYURIDAE,Parantechinus,apicalis,,,,,"(Gray, 1842)",No subspecies are recognised.
40535,Planigale maculata,ANIMALIA,CHORDATA,DASYUROMORPHIA,MAMMALIA,DASYURIDAE,Planigale,maculata,,,,,"(Gould, 1851)","Populations formerly attributed to this species from the Barrow Island and the Pilbara are now thought to represent one or two undescribed species (N. Cooper pers. comm.). These populations are not mapped, following the precedent of Burnett (2008). Furthermore, the population in the Northern Territory is also probably a separate species, and populations in the Kimberley appear to represent a species complex containing as many as three species (N. Cooper pers. comm.)."
40536,Planigale tenuirostris,ANIMALIA,CHORDATA,DASYUROMORPHIA,MAMMALIA,DASYURIDAE,Planigale,tenuirostris,,,,,"Troughton, 1928",
40533,Planigale gilesi,ANIMALIA,CHORDATA,DASYUROMORPHIA,MAMMALIA,DASYURIDAE,Planigale,gilesi,,,,,"Aitken, 1972",
40534,Planigale ingrami,ANIMALIA,CHORDATA,DASYUROMORPHIA,MAMMALIA,DASYURIDAE,Planigale,ingrami,,,,,"(Thomas, 1906)",
17474,Planigale novaeguineae,ANIMALIA,CHORDATA,DASYUROMORPHIA,MAMMALIA,DASYURIDAE,Planigale,novaeguineae,,,,,"Tate &amp; Archbold, 1941",
136839,Myoictis wallacei,ANIMALIA,CHORDATA,DASYUROMORPHIA,MAMMALIA,DASYURIDAE,Myoictis,wallacei,,,,,"(Gray, 1858)","<i>Myoictis wallacei</i> has previously been considered to be a subspecies of <i>M. melas</i> (e.g., Flannery 1995a, b). Recently it has been shown to be distinct morphologically and genetically (Woolley 2005, Westerman <i>et al.</i> 2006)."
14086,Myoictis melas,ANIMALIA,CHORDATA,DASYUROMORPHIA,MAMMALIA,DASYURIDAE,Myoictis,melas,,,,,"(Müller, 1840)",<i>Myoictis melas</i> may represent a species complex.
40636,Pseudantechinus bilarni,ANIMALIA,CHORDATA,DASYUROMORPHIA,MAMMALIA,DASYURIDAE,Pseudantechinus,bilarni,,,,,"(Johnson, 1954)","According to Groves in Wilson and Reeder (1993) and Nowak (1999) <em>Parantechinus bilarni</em> is a good species. However, this species has been transferred to <em>Pseudantechinus</em> following the Australasian Marsupial Specialist Group (Maxwell <em>et al</em>.1996)."
40539,Pseudantechinus woolleyae,ANIMALIA,CHORDATA,DASYUROMORPHIA,MAMMALIA,DASYURIDAE,Pseudantechinus,woolleyae,,,,,"Kitchener &amp; Caputi, 1988",
18447,Pseudantechinus mimulus,ANIMALIA,CHORDATA,DASYUROMORPHIA,MAMMALIA,DASYURIDAE,Pseudantechinus,mimulus,,,,,"(Thomas, 1906)","This species is treated as synonym of <em>Pseudantechinus macdonnellensis</em> (see Groves in Wilson and Reeder (1993), but recognised as a valid species by Kitchener (1991),&#160;and subsequently is generally accepted (e.g., Maxwell <em>et al</em>. 1996)."
40537,Pseudantechinus macdonnellensis,ANIMALIA,CHORDATA,DASYUROMORPHIA,MAMMALIA,DASYURIDAE,Pseudantechinus,macdonnellensis,,,,,"(Spencer, 1895)",<i>Pseudantechinus macdonnellensis</i> represents a species complex (M. Westerman pers. comm.).
40538,Pseudantechinus ningbing,ANIMALIA,CHORDATA,DASYUROMORPHIA,MAMMALIA,DASYURIDAE,Pseudantechinus,ningbing,,,,,"Kitchener, 1988",
136620,Pseudantechinus roryi,ANIMALIA,CHORDATA,DASYUROMORPHIA,MAMMALIA,DASYURIDAE,Pseudantechinus,roryi,,,,,"Cooper, Aplin &amp; Adams, 2000","Recent genetic research suggests that this taxon may contain up to three separate species (M. Westerman pers. comm.). Specifically, isolated populations occurring on Barrow Island and in Cape Range are genetically distinct and might be considered separate species in the future (M. Westerman pers. comm.). Cooper <i>et al.</i> (2000) note that the specimens from Barrow Island were not in ideal shape and were only speculatively assigned to <i>Pseudantechinus roryi</i>."
6266,Dasycercus cristicauda,ANIMALIA,CHORDATA,DASYUROMORPHIA,MAMMALIA,DASYURIDAE,Dasycercus,cristicauda,,,,,"(Krefft, 1867)","<p>The taxonomy of <em>Dasycercus</em> has been confusing, but is now resolved (Woolley 2005). Historically, three species, <em>D. cristicauda, D. hillieri</em> and <em>D. blythi</em>, have been described; were then synonymized (under <em>D. cristicauda</em>); and re-split (to Mulgara <em>D. cristicauda</em> and Ampurta <em>D. hillieri</em>). However, Woolley (2005) demonstrated that the correct names for the two species were Crest-tailed Mulgara <em>D. cristicauda</em> and Brush-tailed Mulgara <em>D. blythi</em>, and that there was no straightforward linkage between the previously applied ascription of names and the current classification (in many to most cases, what was referred to previously as <em>D. cristicauda</em> is now considered to be <em>D. blythi</em>, and what was previously referred to as <em>D. hillieri</em> is now <em>D. cristicauda</em>); with the issue further clouded by co-occurrence across some regions. Many observations or studies in which voucher specimens were not collected are now ambiguous; however, Woolley (2006) provided interpretation of the currently-accepted nomenclature to names used in a series of previous studies.<br/><br/>For the Crest-tailed Mulgara <em>D. cristicauda</em>, there are no subspecies</p>"
6267,Dasycercus blythi,ANIMALIA,CHORDATA,DASYUROMORPHIA,MAMMALIA,DASYURIDAE,Dasycercus,blythi,,,,,"(Waite, 1904)","<em>Dasycercus blythi</em> was originally described as distinct from <em>D. cristicauda</em>, but for more than thirty years it was assumed to be synonymous with that species (e.g., Groves 1993, 2005; Woolley 1995; Maxwell <em>et al.</em> 1996). Adams <em>et al.</em> (2000) conducted a limited molecular study of the genus <em>Dasycercus</em> and determined that there were two species to which the names <em>D. cristicauda</em> and <em>D. hillieri</em> were assigned. It has since been established that the correct names for the two species are <em>D. blythi</em> and <em>D. cristicauda</em> (Woolley 2005)."
1583,Antechinus godmani,ANIMALIA,CHORDATA,DASYUROMORPHIA,MAMMALIA,DASYURIDAE,Antechinus,godmani,,,,,"(Thomas, 1923)",
1584,Antechinus leo,ANIMALIA,CHORDATA,DASYUROMORPHIA,MAMMALIA,DASYURIDAE,Antechinus,leo,,,,,"Van Dyck, 1980",
136755,Antechinus subtropicus,ANIMALIA,CHORDATA,DASYUROMORPHIA,MAMMALIA,DASYURIDAE,Antechinus,subtropicus,,,,,"Van Dyck &amp; Crowther, 2000",<i>Antechinus subtropicus</i> was previously considered to be a subspecies of <i>A. stuartii</i>. Van Dyck and Crowther (2000) raised it to species rank.
40524,Antechinus flavipes,ANIMALIA,CHORDATA,DASYUROMORPHIA,MAMMALIA,DASYURIDAE,Antechinus,flavipes,,,,,"(Waterhouse, 1838)",According to Van Dyck and Crowther (2000) <i>Antechinus flavipes</i> represents a species complex.
41508,Antechinus swainsonii,ANIMALIA,CHORDATA,DASYUROMORPHIA,MAMMALIA,DASYURIDAE,Antechinus,swainsonii,,,,,"(Waterhouse, 1840)",
40523,Antechinus bellus,ANIMALIA,CHORDATA,DASYUROMORPHIA,MAMMALIA,DASYURIDAE,Antechinus,bellus,,,,,"(Thomas, 1904)",
136555,Antechinus adustus,ANIMALIA,CHORDATA,DASYUROMORPHIA,MAMMALIA,DASYURIDAE,Antechinus,adustus,,,,,"(Thomas, 1923)",<i>Antechinus adustus</i> was previously considered to be a subspecies of <i>A. stuartii</i>. Van Dyck and Crowther (2000) raised it to species rank.
1590,Antechinus agilis,ANIMALIA,CHORDATA,DASYUROMORPHIA,MAMMALIA,DASYURIDAE,Antechinus,agilis,,,,,"Dickman, Parnaby, Crowther &amp; King, 1998","The Agile Antechinus from southern Victoria and south-eastern NSW, identified by Dickman <i>et al</i>. (1988), has been included although it has not yet been formally described."
40526,Antechinus stuartii,ANIMALIA,CHORDATA,DASYUROMORPHIA,MAMMALIA,DASYURIDAE,Antechinus,stuartii,,,,,"Macleay, 1841","According to Van Dyck and Crowther (2000) this taxon represents a species complex, out of which <i>Antechinus adustus</i> and <i>A. subtropicus</i> have already been split."
40525,Antechinus minimus,ANIMALIA,CHORDATA,DASYUROMORPHIA,MAMMALIA,DASYURIDAE,Antechinus,minimus,,,,,"(É. Geoffroy Saint-Hilaire, 1803)",
6300,Dasyurus maculatus,ANIMALIA,CHORDATA,DASYUROMORPHIA,MAMMALIA,DASYURIDAE,Dasyurus,maculatus,,,,,"(Kerr, 1792)",The subspecific classification of the mainland populations is currently under review. The Tasmanian population has also been proposed as being a distinct subspecies (Firestone <i>et al.</i> 1999).
6299,Dasyurus albopunctatus,ANIMALIA,CHORDATA,DASYUROMORPHIA,MAMMALIA,DASYURIDAE,Dasyurus,albopunctatus,,,,,"Schlegel, 1880",
6301,Dasyurus spartacus,ANIMALIA,CHORDATA,DASYUROMORPHIA,MAMMALIA,DASYURIDAE,Dasyurus,spartacus,,,,,"Van Dyck, 1988",
6296,Dasyurus viverrinus,ANIMALIA,CHORDATA,DASYUROMORPHIA,MAMMALIA,DASYURIDAE,Dasyurus,viverrinus,,,,,"(Shaw, 1800)",
6295,Dasyurus hallucatus,ANIMALIA,CHORDATA,DASYUROMORPHIA,MAMMALIA,DASYURIDAE,Dasyurus,hallucatus,,,,,"Gould, 1842",
6294,Dasyurus geoffroii,ANIMALIA,CHORDATA,DASYUROMORPHIA,MAMMALIA,DASYURIDAE,Dasyurus,geoffroii,,,,,"Gould, 1841","Two subspecies have been described: <em>Dasyurus g. geoffroii</em> from central Australia and <em>D. g. fortis</em> from south-western Australia. It seems unlikely that there are two subspecies of <em>D. geoffroii</em>, as minor differences between animals from south-western Australia and those from central and eastern Australia are likely to have been clinal and we do not consider <em>D. g. fortis</em> to be valid. Mitochondrial control region DNA evidence indicates that <em>D. geoffroii</em> is very closely related to the Bronze Quoll <em>D. spartacus</em> of southern New Guinea, with less divergence evident between these two taxa than is seen between populations within both Spotted-tailed Quoll<em> D. maculatus</em> and Northern Quoll <em>D. hallucatus</em> (Firestone 2000). This supports the suggestion that there are no valid subspecies within <em>Dasyurus geoffroii</em> and that <em>D. spartacus</em> may be conspecific with <em>D. geoffroii.</em>"
20297,Sminthopsis leucopus,ANIMALIA,CHORDATA,DASYUROMORPHIA,MAMMALIA,DASYURIDAE,Sminthopsis,leucopus,,,,,"(Gray, 1842)",
20293,Sminthopsis psammophila,ANIMALIA,CHORDATA,DASYUROMORPHIA,MAMMALIA,DASYURIDAE,Sminthopsis,psammophila,,,,,"Spencer, 1895",
40543,Sminthopsis gilberti,ANIMALIA,CHORDATA,DASYUROMORPHIA,MAMMALIA,DASYURIDAE,Sminthopsis,gilberti,,,,,"Kitchener, Stoddart &amp; Henry, 1984",
20290,Sminthopsis douglasi,ANIMALIA,CHORDATA,DASYUROMORPHIA,MAMMALIA,DASYURIDAE,Sminthopsis,douglasi,,,,,"Archer, 1979",
40544,Sminthopsis hirtipes,ANIMALIA,CHORDATA,DASYUROMORPHIA,MAMMALIA,DASYURIDAE,Sminthopsis,hirtipes,,,,,"Thomas, 1898",
41509,Sminthopsis granulipes,ANIMALIA,CHORDATA,DASYUROMORPHIA,MAMMALIA,DASYURIDAE,Sminthopsis,granulipes,,,,,"Troughton, 1932",
40541,Sminthopsis crassicaudata,ANIMALIA,CHORDATA,DASYUROMORPHIA,MAMMALIA,DASYURIDAE,Sminthopsis,crassicaudata,,,,,"(Gould, 1844)",
41510,Sminthopsis griseoventer,ANIMALIA,CHORDATA,DASYUROMORPHIA,MAMMALIA,DASYURIDAE,Sminthopsis,griseoventer,,,,,"Kitchener, Stoddart &amp; Henry, 1984","It has long thought that there is a single <i>Sminthopsis</i> species on Boullanger Island. Crowther <i>et al.</i> (1999) described the taxon as a subspecies, <i>Sminthopsis griseoventer boullangerensis</i>. In so doing, they provided strong arguments for considering the taxon as a separate species based on allozyme data, morphometrics, morphological features, and some aspects of mtDNA sequence frequencies between <i>S. griseoventer</i> and island populations. Groves (2005) recognized the island taxon as a separate species, <i>S. boullangerensis</i>, citing these data and the authors' statement that their treatment of the taxon as a subspecies is ""conservative"". Crother <i>et al.</i> (1999), however, go on to detail what information would be needed to satisfactorily resolve the taxonomic issue including definitive evidence of whether their <i>S. g. boullangerensis</i> occurs on the mainland in sympatry with <i>S. griseoventer</i>, and analysis of allozymes and DNA from northern populations of mainly <i>S. griseoventer</i>. We follow Crother <i>et al.</i> (1999) here until further information becomes available, and we emphasize the urgent need to definitively settle this taxonomic question."
40542,Sminthopsis dolichura,ANIMALIA,CHORDATA,DASYUROMORPHIA,MAMMALIA,DASYURIDAE,Sminthopsis,dolichura,,,,,"Kitchener, Stoddart &amp; Henry, 1984",
40549,Sminthopsis virginiae,ANIMALIA,CHORDATA,DASYUROMORPHIA,MAMMALIA,DASYURIDAE,Sminthopsis,virginiae,,,,,"(Tarragon, 1847)",
40550,Sminthopsis youngsoni,ANIMALIA,CHORDATA,DASYUROMORPHIA,MAMMALIA,DASYURIDAE,Sminthopsis,youngsoni,,,,,"McKenzie &amp; Archer, 1982",
40551,Sminthopsis bindi,ANIMALIA,CHORDATA,DASYUROMORPHIA,MAMMALIA,DASYURIDAE,Sminthopsis,bindi,,,,,"Van Dyck, Woinarski &amp; Press, 1994",
40545,Sminthopsis longicaudata,ANIMALIA,CHORDATA,DASYUROMORPHIA,MAMMALIA,DASYURIDAE,Sminthopsis,longicaudata,,,,,"Spencer, 1909",
40546,Sminthopsis macroura,ANIMALIA,CHORDATA,DASYUROMORPHIA,MAMMALIA,DASYURIDAE,Sminthopsis,macroura,,,,,"(Gould, 1845)",<i>Sminthopsis macroura</i> likely represents at least three separate species (Blacket <i>et al.</i> 2001).
40547,Sminthopsis murina,ANIMALIA,CHORDATA,DASYUROMORPHIA,MAMMALIA,DASYURIDAE,Sminthopsis,murina,,,,,"(Waterhouse, 1838)",
40548,Sminthopsis ooldea,ANIMALIA,CHORDATA,DASYUROMORPHIA,MAMMALIA,DASYURIDAE,Sminthopsis,ooldea,,,,,"Troughton, 1965",
14222,Myrmecobius fasciatus,ANIMALIA,CHORDATA,DASYUROMORPHIA,MAMMALIA,MYRMECOBIIDAE,Myrmecobius,fasciatus,,,,,"Waterhouse, 1836","<p>No Subspecies are recognised. The Numbat is the sole member of the Family Myrmecobiidae. Two subspecies have been described: <em>Myrmecobius f. fasciatus</em> from south-western Australia <em>M. f. rufus</em> from central Australia, the latter, if valid, being extinct. As the former distribution was more or less continuous the subspecies are unlikely to be valid and&#160; <em>M. f. rufus was not </em>evaluated&#160; in the 2012 Action Plan for Australian mammals.</p>"
136218,Ailurops melanotis,ANIMALIA,CHORDATA,DIPROTODONTIA,MAMMALIA,PHALANGERIDAE,Ailurops,melanotis,,,,,"(Thomas, 1898)",
40637,Ailurops ursinus,ANIMALIA,CHORDATA,DIPROTODONTIA,MAMMALIA,PHALANGERIDAE,Ailurops,ursinus,,,,,"(Temminck, 1824)",
20639,Spilocuscus rufoniger,ANIMALIA,CHORDATA,DIPROTODONTIA,MAMMALIA,PHALANGERIDAE,Spilocuscus,rufoniger,,,,,"(Zimara, 1937)",Synonym = <i>Phalanger atrimaculatus</i>.
20638,Spilocuscus papuensis,ANIMALIA,CHORDATA,DIPROTODONTIA,MAMMALIA,PHALANGERIDAE,Spilocuscus,papuensis,,,,,"(Desmarest, 1822)",
136443,Spilocuscus wilsoni,ANIMALIA,CHORDATA,DIPROTODONTIA,MAMMALIA,PHALANGERIDAE,Spilocuscus,wilsoni,,,,,"Helgen &amp; Flannery, 2004",
20636,Spilocuscus maculatus,ANIMALIA,CHORDATA,DIPROTODONTIA,MAMMALIA,PHALANGERIDAE,Spilocuscus,maculatus,,,,,"(É. Geoffroy, 1803)",
23091,Wyulda squamicaudata,ANIMALIA,CHORDATA,DIPROTODONTIA,MAMMALIA,PHALANGERIDAE,Wyulda,squamicaudata,,,,,"Alexander, 1919",
16857,Phalanger intercastellanus,ANIMALIA,CHORDATA,DIPROTODONTIA,MAMMALIA,PHALANGERIDAE,Phalanger,intercastellanus,,,,,"Thomas, 1895","Populations from the Cape York Peninsula, Australia are now allocated to <i>Phalanger mimicus</i> (Norris and Musser 2001)."
16858,Phalanger alexandrae,ANIMALIA,CHORDATA,DIPROTODONTIA,MAMMALIA,PHALANGERIDAE,Phalanger,alexandrae,,,,,"Flannery &amp; Boeadi, 1995",Recorded as <i>Phalanger</i> sp. in Flannery (1995). Previously considered to be conspecific with <i>P. ornatus</i>.
16850,Phalanger vestitus,ANIMALIA,CHORDATA,DIPROTODONTIA,MAMMALIA,PHALANGERIDAE,Phalanger,vestitus,,,,,"(Milne-Edwards, 1877)",The four widely separated subpopulations of <i>Phalanger vestitus</i> are distinctive and its taxonomy needs to be re-evaluated (K. Helgen pers. comm.).
16851,Phalanger matanim,ANIMALIA,CHORDATA,DIPROTODONTIA,MAMMALIA,PHALANGERIDAE,Phalanger,matanim,,,,,"Flannery, 1987",
16852,Phalanger rothschildi,ANIMALIA,CHORDATA,DIPROTODONTIA,MAMMALIA,PHALANGERIDAE,Phalanger,rothschildi,,,,,"Thomas, 1898",
16853,Phalanger carmelitae,ANIMALIA,CHORDATA,DIPROTODONTIA,MAMMALIA,PHALANGERIDAE,Phalanger,carmelitae,,,,,"Thomas, 1898",
16854,Phalanger ornatus,ANIMALIA,CHORDATA,DIPROTODONTIA,MAMMALIA,PHALANGERIDAE,Phalanger,ornatus,,,,,"(Gray, 1860)",Populations from the islands of Ternate and Tidore are now assigned to <i>Phalanger matabiru</i>.
136200,Phalanger matabiru,ANIMALIA,CHORDATA,DIPROTODONTIA,MAMMALIA,PHALANGERIDAE,Phalanger,matabiru,,,,,"Flannery &amp; Boeadi, 1995",
16855,Phalanger sericeus,ANIMALIA,CHORDATA,DIPROTODONTIA,MAMMALIA,PHALANGERIDAE,Phalanger,sericeus,,,,,"Thomas, 1907",
16856,Phalanger gymnotis,ANIMALIA,CHORDATA,DIPROTODONTIA,MAMMALIA,PHALANGERIDAE,Phalanger,gymnotis,,,,,"Peters &amp; Doria, 1875",The taxonomy of this species requires careful review; more than one species (perhaps a highland and lowland species) may be represented here (Helgen 2007).
16846,Phalanger lullulae,ANIMALIA,CHORDATA,DIPROTODONTIA,MAMMALIA,PHALANGERIDAE,Phalanger,lullulae,,,,,"Thomas, 1896",
16847,Phalanger orientalis,ANIMALIA,CHORDATA,DIPROTODONTIA,MAMMALIA,PHALANGERIDAE,Phalanger,orientalis,,,,,"(Pallas, 1766)",
136450,Phalanger mimicus,ANIMALIA,CHORDATA,DIPROTODONTIA,MAMMALIA,PHALANGERIDAE,Phalanger,mimicus,,,,,"Thomas, 1922",
20892,Strigocuscus pelengensis,ANIMALIA,CHORDATA,DIPROTODONTIA,MAMMALIA,PHALANGERIDAE,Strigocuscus,pelengensis,,,,,"(Tate, 1945)",Groves in Wilson and Reeder (1993) listed this species as <i>Phalanger pelengensis</i>.
40557,Trichosurus caninus,ANIMALIA,CHORDATA,DIPROTODONTIA,MAMMALIA,PHALANGERIDAE,Trichosurus,caninus,,,,,"(Ogilby, 1836)",
136256,Trichosurus cunninghami,ANIMALIA,CHORDATA,DIPROTODONTIA,MAMMALIA,PHALANGERIDAE,Trichosurus,cunninghami,,,,,"Lindenmayer, Dubach &amp; Viggers, 2002",
40585,Trichosurus vulpecula,ANIMALIA,CHORDATA,DIPROTODONTIA,MAMMALIA,PHALANGERIDAE,Trichosurus,vulpecula,,,,,"(Kerr, 1792)","Populations from Barrow Island, the edge of the Pilbara, Kimberley, and northern Northern Territory are sometimes considered a separate species (i.e., <i>Trichosurus arnhemensis</i>) (e.g., Groves 2005). Likewise, populations from the Atherton Tablelands are sometimes considered a species (<i>T. johnstonii</i>) (e.g., Flannery 1994, Groves 2005). Usually, however, these populations are considered subspecies of <i>T. vulpecula</i> (e.g., Kerle and How 2008)."
20165,Setonix brachyurus,ANIMALIA,CHORDATA,DIPROTODONTIA,MAMMALIA,MACROPODIDAE,Setonix,brachyurus,,,,,"(Quoy &amp; Gaimard, 1830)",<p><br/></p>
6799,Dorcopsis luctuosa,ANIMALIA,CHORDATA,DIPROTODONTIA,MAMMALIA,MACROPODIDAE,Dorcopsis,luctuosa,,,,,"(D'Albertis, 1874)",
6800,Dorcopsis muelleri,ANIMALIA,CHORDATA,DIPROTODONTIA,MAMMALIA,MACROPODIDAE,Dorcopsis,muelleri,,,,,"(Lesson, 1827)","Synonym <em>Dorcopsis veterum</em>.  Flannery's (1990) distribution map shows the species occurs only in Irian Jaya, and lists its presence on Misool and Salawatti Islands off the Vogelkop Peninsula, and Japen Island in Geelvinck bay. All belong to Indonesia."
6795,Dorcopsis hageni,ANIMALIA,CHORDATA,DIPROTODONTIA,MAMMALIA,MACROPODIDAE,Dorcopsis,hageni,,,,,"Heller, 1897",
6794,Dorcopsis atrata,ANIMALIA,CHORDATA,DIPROTODONTIA,MAMMALIA,MACROPODIDAE,Dorcopsis,atrata,,,,,"Van Deusen, 1957",Generic synonym = <i>Dorcopsulus</i>.
40575,Wallabia bicolor,ANIMALIA,CHORDATA,DIPROTODONTIA,MAMMALIA,MACROPODIDAE,Wallabia,bicolor,,,,,"(Desmarest, 1804)",
6802,Dorcopsulus vanheurni,ANIMALIA,CHORDATA,DIPROTODONTIA,MAMMALIA,MACROPODIDAE,Dorcopsulus,vanheurni,,,,,"(Thomas, 1922)",Synonym = <i>Dorcopsis vanheurni</i>.
6801,Dorcopsulus macleayi,ANIMALIA,CHORDATA,DIPROTODONTIA,MAMMALIA,MACROPODIDAE,Dorcopsulus,macleayi,,,,,"(Miklouho-Maclay, 1885)","<i>Dorcopsulus macleayi</i> has been considered by some authors to be conspecific with <i>D. vanheurni</i>, but we provisionally follow Groves (2005) in treating it as a separate species."
41513,Macropus giganteus,ANIMALIA,CHORDATA,DIPROTODONTIA,MAMMALIA,MACROPODIDAE,Macropus,giganteus,,,,,"Shaw, 1790",
12627,Macropus parma,ANIMALIA,CHORDATA,DIPROTODONTIA,MAMMALIA,MACROPODIDAE,Macropus,parma,,,,,"Waterhouse, 1845",
12626,Macropus irma,ANIMALIA,CHORDATA,DIPROTODONTIA,MAMMALIA,MACROPODIDAE,Macropus,irma,,,,,"(Jourdan, 1837)",No subspecies are recognised.
40566,Macropus rufogriseus,ANIMALIA,CHORDATA,DIPROTODONTIA,MAMMALIA,MACROPODIDAE,Macropus,rufogriseus,,,,,"(Desmarest, 1817)",
40565,Macropus robustus,ANIMALIA,CHORDATA,DIPROTODONTIA,MAMMALIA,MACROPODIDAE,Macropus,robustus,,,,,"Gould, 1841",
40567,Macropus rufus,ANIMALIA,CHORDATA,DIPROTODONTIA,MAMMALIA,MACROPODIDAE,Macropus,rufus,,,,,"(Desmarest, 1822)",
40562,Macropus dorsalis,ANIMALIA,CHORDATA,DIPROTODONTIA,MAMMALIA,MACROPODIDAE,Macropus,dorsalis,,,,,"(Gray, 1837)",
40561,Macropus antilopinus,ANIMALIA,CHORDATA,DIPROTODONTIA,MAMMALIA,MACROPODIDAE,Macropus,antilopinus,,,,,"(Gould, 1842)",
41512,Macropus eugenii,ANIMALIA,CHORDATA,DIPROTODONTIA,MAMMALIA,MACROPODIDAE,Macropus,eugenii,,,,,"(Desmarest, 1817)","<p>The type locality of <em>Macropus eugenii</em> is Saint Peter Island, South Australia, where it is locally extinct. </p>    <p>Three subspecies have been recognised in the recent past: <em>Macropus eugenii eugenii </em>(mainland South Australia and some islands), <em>Macropus eugenii decres</em> (Kangaroo Island) and <em>Macropus eugenii derbianus</em> (south west Western Australia and Western Australian islands) (Poole <em>et al</em>. 1991). Recent unpublished genetic research has suggested that only two subspecies should be recognised, with Kangaroo Island and South Australian mainland subpopulations being the same subspecies (M. Eldridge <em>pers. comm</em>.):</p>    <p><em>M. e. eugenii</em> is Least Concern;</p><p><em>M. e. derbianus</em> is Least Concern.</p>"
40564,Macropus parryi,ANIMALIA,CHORDATA,DIPROTODONTIA,MAMMALIA,MACROPODIDAE,Macropus,parryi,,,,,"Bennett, 1835",
40563,Macropus fuliginosus,ANIMALIA,CHORDATA,DIPROTODONTIA,MAMMALIA,MACROPODIDAE,Macropus,fuliginosus,,,,,"(Desmarest, 1817)",
40560,Macropus agilis,ANIMALIA,CHORDATA,DIPROTODONTIA,MAMMALIA,MACROPODIDAE,Macropus,agilis,,,,,"(Gould, 1842)",
12620,Macropus bernardus,ANIMALIA,CHORDATA,DIPROTODONTIA,MAMMALIA,MACROPODIDAE,Macropus,bernardus,,,,,"Rothschild, 1904",
11161,Lagorchestes conspicillatus,ANIMALIA,CHORDATA,DIPROTODONTIA,MAMMALIA,MACROPODIDAE,Lagorchestes,conspicillatus,,,,,"Gould, 1842",
11162,Lagorchestes hirsutus,ANIMALIA,CHORDATA,DIPROTODONTIA,MAMMALIA,MACROPODIDAE,Lagorchestes,hirsutus,,,,,"Gould, 1844","<p>Morphological and genetic studies have raised doubts about the validity of the three (originally four) subspecies. Courtenay (1993) found limited morphological differences between the extant subspecies. Eldridge <em>et al</em>. (2004) found that the Bernier and Dorre Island populations had substantially lower genetic diversity than the remnant mainland population. Mark Eldridge (<em>pers. comm.</em>) has unpublished molecular data that show very little difference between <em>L. h. bernieri</em> and <em>L. h. dorreae</em>, suggesting that the latter subspecies should be synonymised with the former (which we have followed). Whether or not the subspecies are valid, the three extant subpopulations are clearly different conservation management units.</p>    <p><em>L. h. hirsutus</em> is Extinct;</p>  <p><em>L. h. bernieri</em> is Vulnerable;</p>  <p><em>L. h.</em> ‘central Australian subspecies’ is Endangered.</p>"
136509,Petrogale mareeba,ANIMALIA,CHORDATA,DIPROTODONTIA,MAMMALIA,MACROPODIDAE,Petrogale,mareeba,,,,,"Eldridge &amp; Close, 1992",
41515,Petrogale herberti,ANIMALIA,CHORDATA,DIPROTODONTIA,MAMMALIA,MACROPODIDAE,Petrogale,herberti,,,,,"Thomas, 1926",
41516,Petrogale inornata,ANIMALIA,CHORDATA,DIPROTODONTIA,MAMMALIA,MACROPODIDAE,Petrogale,inornata,,,,,"Gould, 1842",
41514,Petrogale godmani,ANIMALIA,CHORDATA,DIPROTODONTIA,MAMMALIA,MACROPODIDAE,Petrogale,godmani,,,,,"Thomas, 1923",
40570,Petrogale brachyotis,ANIMALIA,CHORDATA,DIPROTODONTIA,MAMMALIA,MACROPODIDAE,Petrogale,brachyotis,,,,,"(Gould, 1841)",
40569,Petrogale assimilis,ANIMALIA,CHORDATA,DIPROTODONTIA,MAMMALIA,MACROPODIDAE,Petrogale,assimilis,,,,,"Ramsay, 1877",
41517,Petrogale rothschildi,ANIMALIA,CHORDATA,DIPROTODONTIA,MAMMALIA,MACROPODIDAE,Petrogale,rothschildi,,,,,"Thomas, 1904",
16761,Petrogale concinna,ANIMALIA,CHORDATA,DIPROTODONTIA,MAMMALIA,MACROPODIDAE,Petrogale,concinna,,,,,"Gould, 1842","<p>Three subspecies have been described; however, their validity has not been tested by modern genetic methods:</p>    <p><em>P. c. concinna</em> is Critically Endangered (Possibly Extinct);</p>  <p><em>P. c. canescens</em> is Vulnerable;</p>  <p><em>P. c. monastria</em> is Vulnerable.</p>"
16753,Petrogale sharmani,ANIMALIA,CHORDATA,DIPROTODONTIA,MAMMALIA,MACROPODIDAE,Petrogale,sharmani,,,,,"Eldridge &amp; Close, 1992",
16751,Petrogale lateralis,ANIMALIA,CHORDATA,DIPROTODONTIA,MAMMALIA,MACROPODIDAE,Petrogale,lateralis,,,,,"Gould, 1842","<p>The formerly widespread <em>P. lateralis</em> shows local and considerable regional genetic variation. Taxonomy follows Eldridge <em>et al</em>. (1991), which was based on chromosome morphology and allozyme banding. They identified three subspecies and two ‘races’, here considered as subspecies. The subspecies and races have been widely accepted but have not been subjected to modern DNA analyses.</p>    <p><em>Petrogale lateralis lateralis</em> is Endangered;</p><p><em>Petrogale lateralis hacketti</em> is Vulnerable;</p>  <p><em>Petrogale lateralis pearsoni </em>is Near Threatened;</p>  <p><em>Petrogale lateralis</em> ‘MacDonnell Ranges subspecies’ is Vulnerable;</p>  <p><em>Petrogale lateralis </em>‘West Kimberley subspecies’ is Endangered.</p>"
16750,Petrogale xanthopus,ANIMALIA,CHORDATA,DIPROTODONTIA,MAMMALIA,MACROPODIDAE,Petrogale,xanthopus,,,,,"Gray, 1855",
136463,Petrogale purpureicollis,ANIMALIA,CHORDATA,DIPROTODONTIA,MAMMALIA,MACROPODIDAE,Petrogale,purpureicollis,,,,,"Le Souef, 1924",
16747,Petrogale persephone,ANIMALIA,CHORDATA,DIPROTODONTIA,MAMMALIA,MACROPODIDAE,Petrogale,persephone,,,,,"Maynes, 1982",
16746,Petrogale penicillata,ANIMALIA,CHORDATA,DIPROTODONTIA,MAMMALIA,MACROPODIDAE,Petrogale,penicillata,,,,,"(Gray, 1827)",
16744,Petrogale burbidgei,ANIMALIA,CHORDATA,DIPROTODONTIA,MAMMALIA,MACROPODIDAE,Petrogale,burbidgei,,,,,"Kitchener &amp; Sanson, 1978","<p>No subspecies dare recognised, but Potter <em>et al</em>. (2012) and M. Eldridge (<em>pers. comm.</em>) have identified genetically highly divergent individuals from Prince Regent River and Artesian Range, which may represent a distinct taxon. </p>"
11171,Lagostrophus fasciatus,ANIMALIA,CHORDATA,DIPROTODONTIA,MAMMALIA,MACROPODIDAE,Lagostrophus,fasciatus,,,,,"(Péron &amp; Lesueur, 1807)","<p>Eldridge (2008) pointed out that <em>Lagostrophus</em> differs from other members of the Macropodidae on a number of criteria, genetic and morphological, and placed them in an unknown subfamily; however, <em>Lagostrophus</em> has recently been placed in a new subfamily, the Lagostrophinae (Prideaux and Warburton 2010). Otherwise, all species are placed in the subfamily Macropodinae.</p>"
6437,Dendrolagus mbaiso,ANIMALIA,CHORDATA,DIPROTODONTIA,MAMMALIA,MACROPODIDAE,Dendrolagus,mbaiso,,,,,"Flannery, Boeadi &amp; Szalay, 1995",
6436,Dendrolagus spadix,ANIMALIA,CHORDATA,DIPROTODONTIA,MAMMALIA,MACROPODIDAE,Dendrolagus,spadix,,,,,"Troughton &amp; Le Souef, 1936",
6435,Dendrolagus scottae,ANIMALIA,CHORDATA,DIPROTODONTIA,MAMMALIA,MACROPODIDAE,Dendrolagus,scottae,,,,,"Flannery &amp; Seri, 1990","This species was described and named by Tim Flannery in 1989. There are thought to be two subspecies: one in the Torricelli mountains, and a second at Mount Menawa to the west. The Mount Menawa specimens are substantially smaller than the Torricelli specimens (Flannery 1995). As yet, subspecies have not been formerly described.<br/><br/>At present there is too little information for separate conservation assessment of the two subspecies."
6434,Dendrolagus ursinus,ANIMALIA,CHORDATA,DIPROTODONTIA,MAMMALIA,MACROPODIDAE,Dendrolagus,ursinus,,,,,"(Temminck, 1836)",
6433,Dendrolagus matschiei,ANIMALIA,CHORDATA,DIPROTODONTIA,MAMMALIA,MACROPODIDAE,Dendrolagus,matschiei,,,,,"Förster &amp; Rothschild, 1907","Consisdered by some (e.g. Groves 1982) to be synonymous with <i>D. deltae</i>, <i>D. spadix</i> and <i>D. goodfellowi</i>. Flannery (1995) says that <i>D. matschiei</i> is different in a number of ways, so should be kept separate.
<br>
<br>Australasian Monotreme & Marsupial Specialist Group regard <i>D. deltae</i> as a synonym of <i>D. matschei,</i> but recognised <i>D. spadix</i>, <i>D. goodfellowi</i> and <i>D. scottae</i> as valid species (John Seebeck in litt. 2002)."
136668,Dendrolagus mayri,ANIMALIA,CHORDATA,DIPROTODONTIA,MAMMALIA,MACROPODIDAE,Dendrolagus,mayri,,,,,"Rothschild &amp; Dollman, 1933","This species is usually considered a subspecies of <em>Dendrolagus dorianus</em> (e.g., Flannery 1995, Groves 2005), but we provisionally treat it as a separate species following Helgen (2007)."
136812,Dendrolagus stellarum,ANIMALIA,CHORDATA,DIPROTODONTIA,MAMMALIA,MACROPODIDAE,Dendrolagus,stellarum,,,,,"Flannery &amp; Seri, 1990","<i>Dendrolagus stellarum</i> has often been considered a subspecies of <i>D. dorianus</i> (e.g., Flannery 1995), but it is treated here as a separate species here following Groves (2005). Helgen (2007) notes that although <i>D. stellarum</i> is a recent split, it may be composed of more than one species itself (based on indications from a comparison of genetic sequencing data from populations in the Snow and Star Mountains, reported by Bowyer <i>et al.</i> 2003)."
136732,Dendrolagus notatus,ANIMALIA,CHORDATA,DIPROTODONTIA,MAMMALIA,MACROPODIDAE,Dendrolagus,notatus,,,,,"Matschie, 1916","This species is usually considered a subspecies of <i>Dendrolagus dorianus</i> (e.g., Flannery 1995, Groves 2005), but we provisionally treat it as a separate species following Helgen (2007)."
6426,Dendrolagus bennettianus,ANIMALIA,CHORDATA,DIPROTODONTIA,MAMMALIA,MACROPODIDAE,Dendrolagus,bennettianus,,,,,"De Vis, 1887",
136696,Dendrolagus pulcherrimus,ANIMALIA,CHORDATA,DIPROTODONTIA,MAMMALIA,MACROPODIDAE,Dendrolagus,pulcherrimus,,,,,"Flannery, 1993","This species has often been considered to be a subspecies of <em>Dendrolagus goodfellowi</em>, but we follow Groves (2005) who treats it as a full species."
6427,Dendrolagus dorianus,ANIMALIA,CHORDATA,DIPROTODONTIA,MAMMALIA,MACROPODIDAE,Dendrolagus,dorianus,,,,,"Ramsay, 1883",
6429,Dendrolagus goodfellowi,ANIMALIA,CHORDATA,DIPROTODONTIA,MAMMALIA,MACROPODIDAE,Dendrolagus,goodfellowi,,,,,"Thomas, 1908",Recognised as a valid species by Australasian Monotreme & Marsupial Specialist Group (John Seebeck in litt. 2002).
6431,Dendrolagus inustus,ANIMALIA,CHORDATA,DIPROTODONTIA,MAMMALIA,MACROPODIDAE,Dendrolagus,inustus,,,,,"Müller, 1840","<em>Dendrolagus inustus</em>&#160;occurs as two distinct subspecies: <em>D. inustus inustus</em>&#160;occurs in the west of New Guinea on the Vogelkop Peninsula, Fakfak Peninsula and Japen; <em>D. inustus finschi</em>&#160;has a distribution centred on the north coast ranges of New Guinea."
6432,Dendrolagus lumholtzi,ANIMALIA,CHORDATA,DIPROTODONTIA,MAMMALIA,MACROPODIDAE,Dendrolagus,lumholtzi,,,,,"Collett, 1884",
40568,Onychogalea unguifera,ANIMALIA,CHORDATA,DIPROTODONTIA,MAMMALIA,MACROPODIDAE,Onychogalea,unguifera,,,,,"(Gould, 1841)",
15330,Onychogalea fraenata,ANIMALIA,CHORDATA,DIPROTODONTIA,MAMMALIA,MACROPODIDAE,Onychogalea,fraenata,,,,,"(Gould, 1841)",
40574,Thylogale stigmatica,ANIMALIA,CHORDATA,DIPROTODONTIA,MAMMALIA,MACROPODIDAE,Thylogale,stigmatica,,,,,"(Gould, 1860)",
136255,Thylogale lanatus,ANIMALIA,CHORDATA,DIPROTODONTIA,MAMMALIA,MACROPODIDAE,Thylogale,lanatus,,,,,"Thomas, 1922","<i>Thylogale lanatus</i> is sometimes considered to be a subspecies of <i>T. browni</i> (e.g., Flannery 1995). We follow Groves (2005) who provisionally treated it as a separate species."
40573,Thylogale thetis,ANIMALIA,CHORDATA,DIPROTODONTIA,MAMMALIA,MACROPODIDAE,Thylogale,thetis,,,,,"(Lesson, 1827)",
21874,Thylogale browni,ANIMALIA,CHORDATA,DIPROTODONTIA,MAMMALIA,MACROPODIDAE,Thylogale,browni,,,,,"(Ramsay, 1887)","Groves in Wilson and Reeder (1993) placed this into synonymy under <i>T. brunii</i>, but Novak (1999) maintains it as a distinct species."
40571,Thylogale billardierii,ANIMALIA,CHORDATA,DIPROTODONTIA,MAMMALIA,MACROPODIDAE,Thylogale,billardierii,,,,,"(Desmarest, 1822)",
21873,Thylogale calabyi,ANIMALIA,CHORDATA,DIPROTODONTIA,MAMMALIA,MACROPODIDAE,Thylogale,calabyi,,,,,"Flannery, 1992",
21870,Thylogale brunii,ANIMALIA,CHORDATA,DIPROTODONTIA,MAMMALIA,MACROPODIDAE,Thylogale,brunii,,,,,"(Schreber, 1778)",
40583,Tarsipes rostratus,ANIMALIA,CHORDATA,DIPROTODONTIA,MAMMALIA,TARSIPEDIDAE,Tarsipes,rostratus,,,,,"Gervais &amp; Verreaux, 1842",
40556,Vombatus ursinus,ANIMALIA,CHORDATA,DIPROTODONTIA,MAMMALIA,VOMBATIDAE,Vombatus,ursinus,,,,,"(Shaw, 1800)",
11343,Lasiorhinus krefftii,ANIMALIA,CHORDATA,DIPROTODONTIA,MAMMALIA,VOMBATIDAE,Lasiorhinus,krefftii,,,,,"(Owen, 1873)",Synonyms = <i>L. barnardi</i>; <i>L. gillespiei</i>.
40555,Lasiorhinus latifrons,ANIMALIA,CHORDATA,DIPROTODONTIA,MAMMALIA,VOMBATIDAE,Lasiorhinus,latifrons,,,,,"(Owen, 1845)",
16726,Petaurus abidi,ANIMALIA,CHORDATA,DIPROTODONTIA,MAMMALIA,PETAURIDAE,Petaurus,abidi,,,,,"Ziegler, 1981",
16728,Petaurus norfolcensis,ANIMALIA,CHORDATA,DIPROTODONTIA,MAMMALIA,PETAURIDAE,Petaurus,norfolcensis,,,,,"(Kerr, 1792)",
16727,Petaurus gracilis,ANIMALIA,CHORDATA,DIPROTODONTIA,MAMMALIA,PETAURIDAE,Petaurus,gracilis,,,,,"(de Vis, 1883)",
16730,Petaurus australis,ANIMALIA,CHORDATA,DIPROTODONTIA,MAMMALIA,PETAURIDAE,Petaurus,australis,,,,,"Shaw, 1791",
16732,Petaurus biacensis,ANIMALIA,CHORDATA,DIPROTODONTIA,MAMMALIA,PETAURIDAE,Petaurus,biacensis,,,,,"Ulmer, 1940","Helgen (2007) states that <i>Petaurus biacensis</i> is likely to be conspecific with <i>P. breviceps</i>. <i>P. biacensis</i> appears to differ from the latter mainly by having a higher incidence of melanism (Helgen 2007). We provisionally retain <i>P. biacensis</i> as a separate species pending further taxonomic work, thus following what has become standard treatment (e.g., Flannery 1994, 1995; Groves 2005)."
16731,Petaurus breviceps,ANIMALIA,CHORDATA,DIPROTODONTIA,MAMMALIA,PETAURIDAE,Petaurus,breviceps,,,,,"Waterhouse, 1838","<i>Petaurus breviceps</i> might represent a species complex (i.e., contain more than one species) (Colgan and Flannery 1992, Groves 2005, Helgen 2007)."
6225,Dactylonax palpator,ANIMALIA,CHORDATA,DIPROTODONTIA,MAMMALIA,PETAURIDAE,Dactylonax,palpator,,,,,"(Milne-Edwards, 1888)","<i>Dactylonax palpator</i> is usually placed in the genus <i>Dactylopsila</i> (e.g., Flannery 1995, Groves 2005), however, we provisionally follow Helgen (2007) and keep it in the monotypic genus described by Thomas in 1910."
9564,Gymnobelideus leadbeateri,ANIMALIA,CHORDATA,DIPROTODONTIA,MAMMALIA,PETAURIDAE,Gymnobelideus,leadbeateri,,,,,"McCoy, 1867",
6226,Dactylopsila trivirgata,ANIMALIA,CHORDATA,DIPROTODONTIA,MAMMALIA,PETAURIDAE,Dactylopsila,trivirgata,,,,,"Gray, 1858",
6224,Dactylopsila tatei,ANIMALIA,CHORDATA,DIPROTODONTIA,MAMMALIA,PETAURIDAE,Dactylopsila,tatei,,,,,"Laurie, 1952",Synonym = <i>Dactylonax tatei</i>.
6223,Dactylopsila megalura,ANIMALIA,CHORDATA,DIPROTODONTIA,MAMMALIA,PETAURIDAE,Dactylopsila,megalura,,,,,"Rothschild &amp; Dollman, 1932",Synonym = D<i>actylonax megalura</i>.
16892,Phascolarctos cinereus,ANIMALIA,CHORDATA,DIPROTODONTIA,MAMMALIA,PHASCOLARCTIDAE,Phascolarctos,cinereus,,,,,"(Goldfuss, 1817)",
18102,Potorous longipes,ANIMALIA,CHORDATA,DIPROTODONTIA,MAMMALIA,POTOROIDAE,Potorous,longipes,,,,,"Seebeck &amp; Johnston, 1980",
41511,Potorous tridactylus,ANIMALIA,CHORDATA,DIPROTODONTIA,MAMMALIA,POTOROIDAE,Potorous,tridactylus,,,,,"(Kerr, 1792)",
18107,Potorous gilbertii,ANIMALIA,CHORDATA,DIPROTODONTIA,MAMMALIA,POTOROIDAE,Potorous,gilbertii,,,,,"(Gould, 1841)","No subspecies are recognised. In the past, some authors considered Gilbert’s Potoroo to be a subspecies of the Long-nosed Potoroo <em>Potorous tridactylus</em>. Mitochondrial DNA sequencing has shown that it is a distinct species (Sinclair and Westerman 1997; Frankham <em>et al</em>. 2012) and more closely related to <em>P. tridactylus</em> than <em>P. longipes</em>."
2783,Bettongia gaimardi,ANIMALIA,CHORDATA,DIPROTODONTIA,MAMMALIA,POTOROIDAE,Bettongia,gaimardi,,,,,"(Desmarest, 1822)",
2784,Bettongia lesueur,ANIMALIA,CHORDATA,DIPROTODONTIA,MAMMALIA,POTOROIDAE,Bettongia,lesueur,,,,,"(Quoy &amp; Gaimard, 1824)","<p>Two extant subspecies and one extinct subspecies are currently widely accepted; however, these have not been subjected to modern molecular genetic analysis:&#160;<em>Bettongia l. lesueur,&#160;</em><em>B. l. graii,&#160;</em><em>B. l. </em>‘Barrow and Boodie Islands’.</p>"
2785,Bettongia penicillata,ANIMALIA,CHORDATA,DIPROTODONTIA,MAMMALIA,POTOROIDAE,Bettongia,penicillata,,,,,"Gray, 1837","<p>The taxonomy of <em>Bettongia penicillata</em> is unsettled. The species was once the most widespread of any member of the Potoroidae with records from all mainland States and the Northern Territory (Start <em>et al</em>. 1995). It is possible that the two subspecies represent distant ends of clines that terminated in southeastern Australia (subspecies <em>penicillata</em>), southwestern Australia (subspecies <em>ogilbyi</em>) and northern Queensland (<em>B. tropica</em>, originally described at a subspecies <em>of B. penicillata</em>).<em> Bettongia penicillata penicillata</em> is Extinct.<em> Bettongia penicillata ogilbyi</em> is Critically Endangered.</p>"
40558,Aepyprymnus rufescens,ANIMALIA,CHORDATA,DIPROTODONTIA,MAMMALIA,POTOROIDAE,Aepyprymnus,rufescens,,,,,"(Gray, 1837)",
40638,Pseudochirulus canescens,ANIMALIA,CHORDATA,DIPROTODONTIA,MAMMALIA,PSEUDOCHEIRIDAE,Pseudochirulus,canescens,,,,,"(Waterhouse, 1846)","Groves in Wilson and Reeder (1993)  listed this as <i>Pseudocheirus canescens</i>, but the Australasian Monotreme and Marsupial Specialist Group follow Flannery and Schouten (1994) who treat it under the genus <i>Pseudochirulus</i> based on molecular analyses by Baverstock (1984) and Baverstock <i>et al</i>. (1990)."
136699,Pseudochirulus larvatus,ANIMALIA,CHORDATA,DIPROTODONTIA,MAMMALIA,PSEUDOCHEIRIDAE,Pseudochirulus,larvatus,,,,,"(Förster &amp; Rothschild, 1911)",<i>Pseudochirulus larvatus</i> has often been considered to be conspecific with <i>P. forbesi</i>. We follow Groves (2005) in treating <i>P. larvatus</i> as a separate species pending further taxonomic research.
40640,Pseudochirulus mayeri,ANIMALIA,CHORDATA,DIPROTODONTIA,MAMMALIA,PSEUDOCHEIRIDAE,Pseudochirulus,mayeri,,,,,"(Rothschild &amp; Dollman, 1932)","Groves in Wilson and Reeder (1993)  treats this as <i>Pseudocheirus mayeri</i>, but the Australasian Monotreme and Marsupial Specialist Group follow Flannery and Schouten (1994) who treat it under the genus <i>Pseudochirulus</i> based on molecular analyses by Baverstock (1984) and Baverstock <i>et al</i>. (1990)."
40639,Pseudochirulus forbesi,ANIMALIA,CHORDATA,DIPROTODONTIA,MAMMALIA,PSEUDOCHEIRIDAE,Pseudochirulus,forbesi,,,,,"(Thomas, 1887)",<i>Pseudochirulus larvatus</i> has often been considered to be conspecific with <i>P. forbesi</i>. We follow Groves (2005) in treating <i>P. larvatus</i> as a separate species pending further taxonomic research.
18507,Pseudochirulus caroli,ANIMALIA,CHORDATA,DIPROTODONTIA,MAMMALIA,PSEUDOCHEIRIDAE,Pseudochirulus,caroli,,,,,"(Thomas, 1921)","An isolated ringtail population near the Baliem Valley (Bokondini) has been assigned to <i>Pseudochirulus caroli</i> in the past (Flannery 1995), but may well be a distinct species (Hoogenboezem and Helgen, cited as ""unpublished data"" in Helgen 2007)."
18508,Pseudochirulus cinereus,ANIMALIA,CHORDATA,DIPROTODONTIA,MAMMALIA,PSEUDOCHEIRIDAE,Pseudochirulus,cinereus,,,,,"Tate, 1945",Groves in Wilson and Reeder (1993)  treats this as a synonym of <i>Pseudocheirus herbertensis</i>.
40641,Pseudochirulus schlegeli,ANIMALIA,CHORDATA,DIPROTODONTIA,MAMMALIA,PSEUDOCHEIRIDAE,Pseudochirulus,schlegeli,,,,,"(Jentink, 1884)","Known only from the type specimen collected on the Vogelkop (Bird's Head) Peninsula, Irian Jaya (Flannery (1990)). Groves in Wilson and Reeder (1993)  treats this as <i>Pseudocheirus schlegeli</i>, but the Australasian Monotreme and Marsupial Specialist Group Flannery and Schouten (1994) who treat it under the genus <i>Pseudochirulus</i> based on molecular analyses by Baverstock (1984) and Baverstock <i>et al</i>. (1990)."
18509,Pseudochirulus herbertensis,ANIMALIA,CHORDATA,DIPROTODONTIA,MAMMALIA,PSEUDOCHEIRIDAE,Pseudochirulus,herbertensis,,,,,"(Collett, 1884)",Groves in Wilson and Reeder (1993) lists this species as <i>Pseudocheirus herbertensis</i>.
40580,Petropseudes dahli,ANIMALIA,CHORDATA,DIPROTODONTIA,MAMMALIA,PSEUDOCHEIRIDAE,Petropseudes,dahli,,,,,"(Collett, 1895)",
9869,Hemibelideus lemuroides,ANIMALIA,CHORDATA,DIPROTODONTIA,MAMMALIA,PSEUDOCHEIRIDAE,Hemibelideus,lemuroides,,,,,"(Collett, 1884)",
18503,Pseudochirops albertisii,ANIMALIA,CHORDATA,DIPROTODONTIA,MAMMALIA,PSEUDOCHEIRIDAE,Pseudochirops,albertisii,,,,,"(Peters, 1874)",
18504,Pseudochirops corinnae,ANIMALIA,CHORDATA,DIPROTODONTIA,MAMMALIA,PSEUDOCHEIRIDAE,Pseudochirops,corinnae,,,,,"(Thomas, 1897)",
18502,Pseudochirops archeri,ANIMALIA,CHORDATA,DIPROTODONTIA,MAMMALIA,PSEUDOCHEIRIDAE,Pseudochirops,archeri,,,,,"(Collett, 1884)",
18505,Pseudochirops cupreus,ANIMALIA,CHORDATA,DIPROTODONTIA,MAMMALIA,PSEUDOCHEIRIDAE,Pseudochirops,cupreus,,,,,"(Thomas, 1897)",Synonym = <i>Pseudocheirops cupreus</i>.
40582,Pseudochirops coronatus,ANIMALIA,CHORDATA,DIPROTODONTIA,MAMMALIA,PSEUDOCHEIRIDAE,Pseudochirops,coronatus,,,,,"(Thomas, 1897)","Groves in Wilson and Reeder (1993) treated <i>P. coronatus</i> as a synonym of <i>P. albertisii</i>, but Flannery and Schouten (1994) in Nowak (1999) treat it as a valid species.  The Australasian Monotreme and Marsupial Specialist Group recognise it as a valid species (John Seebeck in litt. 2002)."
40581,Pseudocheirus peregrinus,ANIMALIA,CHORDATA,DIPROTODONTIA,MAMMALIA,PSEUDOCHEIRIDAE,Pseudocheirus,peregrinus,,,,,"(Boddaert, 1785)","<i>Pseudocheirus occidentalis</i> is often considered to be conspecific with <i>P. peregrinus</i> (e.g., Groves 2005). It is treated as a separate species here following the advice of the IUCN SSC Australian and Melanesian Non-volant Mammal Specialist Group."
18492,Pseudocheirus occidentalis,ANIMALIA,CHORDATA,DIPROTODONTIA,MAMMALIA,PSEUDOCHEIRIDAE,Pseudocheirus,occidentalis,,,,,"(Thomas, 1888)","<em></em><em>Pseudocheirus occidentalis</em> has been synonymised with the Common Ringtail Possum <em>P. peregrinus</em> of eastern Australia by some authors, (e.g. Ride 1970, Groves 2005), or proposed as a subspecies of <em>P. peregrinus</em>. However, its distinctiveness is widely accepted, despite no published analyses of comparative morphology or molecular profiles (Woinarski <em>et al</em>. 2014)"
40579,Petauroides volans,ANIMALIA,CHORDATA,DIPROTODONTIA,MAMMALIA,PSEUDOCHEIRIDAE,Petauroides,volans,,,,,"(Kerr, 1792)",
40576,Cercartetus concinnus,ANIMALIA,CHORDATA,DIPROTODONTIA,MAMMALIA,BURRAMYIDAE,Cercartetus,concinnus,,,,,"(Gould, 1845)",
4192,Cercartetus caudatus,ANIMALIA,CHORDATA,DIPROTODONTIA,MAMMALIA,BURRAMYIDAE,Cercartetus,caudatus,,,,,"(Milne-Edwards, 1877)",The New Guinean (<i>Cercartetus caudatus caudatus</i>) and Australian (<i>C. c. macrurus</i>) populations probably represent separate species.
40577,Cercartetus lepidus,ANIMALIA,CHORDATA,DIPROTODONTIA,MAMMALIA,BURRAMYIDAE,Cercartetus,lepidus,,,,,"(Thomas, 1888)",The populations on Tasmania and mainland Australia may represent two separate species (Carthew and Cadzow 2008).
40578,Cercartetus nanus,ANIMALIA,CHORDATA,DIPROTODONTIA,MAMMALIA,BURRAMYIDAE,Cercartetus,nanus,,,,,"(Desmarest, 1818)",
40559,Hypsiprymnodon moschatus,ANIMALIA,CHORDATA,DIPROTODONTIA,MAMMALIA,HYPSIPRYMNODONTIDAE,Hypsiprymnodon,moschatus,,,,,"Ramsay, 1876","Was under the family Potoroidae, now placed in its own family."
40584,Acrobates pygmaeus,ANIMALIA,CHORDATA,DIPROTODONTIA,MAMMALIA,ACROBATIDAE,Acrobates,pygmaeus,,,,,"(Shaw, 1794)",
6765,Distoechurus pennatus,ANIMALIA,CHORDATA,DIPROTODONTIA,MAMMALIA,ACROBATIDAE,Distoechurus,pennatus,,,,,"(Peters, 1874)",
14878,Notoryctes caurinus,ANIMALIA,CHORDATA,NOTORYCTEMORPHIA,MAMMALIA,NOTORYCTIDAE,Notoryctes,caurinus,,,,,"Thomas, 1920","Was formerly in synonymy under <i>N. typhlops</i> (Stirling, 1889)."
14879,Notoryctes typhlops,ANIMALIA,CHORDATA,NOTORYCTEMORPHIA,MAMMALIA,NOTORYCTIDAE,Notoryctes,typhlops,,,,,"(Stirling, 1889)",
16710,Peroryctes broadbenti,ANIMALIA,CHORDATA,PERAMELEMORPHIA,MAMMALIA,PERAMELIDAE,Peroryctes,broadbenti,,,,,"(Ramsay, 1879)",Was under family Peroryctidae.
16711,Peroryctes raffrayana,ANIMALIA,CHORDATA,PERAMELEMORPHIA,MAMMALIA,PERAMELIDAE,Peroryctes,raffrayana,,,,,"(Milne-Edwards, 1878)",Was under family Peroryctidae.
13390,Microperoryctes papuensis,ANIMALIA,CHORDATA,PERAMELEMORPHIA,MAMMALIA,PERAMELIDAE,Microperoryctes,papuensis,,,,,"(Laurie, 1952)",Was under family Peroryctidae.
13389,Microperoryctes murina,ANIMALIA,CHORDATA,PERAMELEMORPHIA,MAMMALIA,PERAMELIDAE,Microperoryctes,murina,,,,,"Stein, 1932",
84783217,Microperoryctes longicauda,ANIMALIA,CHORDATA,PERAMELEMORPHIA,MAMMALIA,PERAMELIDAE,Microperoryctes,longicauda,,,,,"(Peters &amp; Doria, 1876)","Helgen and Flannery (2004) recognised two species within the previous taxonomic boundaries of <em>Microperoryctes longicauda</em>: <em>M. longicauda</em> (Peters &amp; Doria, 1876), containing subspecies <em>M. l. </em><em>longicauda</em> (Vogelkop Peninsula) and <em>M. l.dorsalis (</em>Central Cordillera from the Weyland range to the Star Mountains); and <em>M. ornata</em> (Thomas, 1904), containing the subspecies <em>M. l. ornata</em> (along most of the eastern Central Cordillera) and <em>M. l. magna</em> (Agaun area and on Mt Simpson in far south-eastern Papua New Guinea)."
136538,Microperoryctes aplini,ANIMALIA,CHORDATA,PERAMELEMORPHIA,MAMMALIA,PERAMELIDAE,Microperoryctes,aplini,,,,,"Helgen &amp; Flannery, 2004",<i>Microperoryctes aplini</i> has been confused in the past with <i>M. murina</i> (Helgen and Flannery 2004).
16569,Perameles bougainville,ANIMALIA,CHORDATA,PERAMELEMORPHIA,MAMMALIA,PERAMELIDAE,Perameles,bougainville,,,,,"Quoy &amp; Gaimard, 1824",
16572,Perameles gunnii,ANIMALIA,CHORDATA,PERAMELEMORPHIA,MAMMALIA,PERAMELIDAE,Perameles,gunnii,,,,,"Gray, 1838",
40552,Isoodon macrourus,ANIMALIA,CHORDATA,PERAMELEMORPHIA,MAMMALIA,PERAMELIDAE,Isoodon,macrourus,,,,,"(Gould, 1842)",
7019,Echymipera rufescens,ANIMALIA,CHORDATA,PERAMELEMORPHIA,MAMMALIA,PERAMELIDAE,Echymipera,rufescens,,,,,"(Peters &amp; Doria, 1875)",Was under family Peroryctidae.
7017,Echymipera davidi,ANIMALIA,CHORDATA,PERAMELEMORPHIA,MAMMALIA,PERAMELIDAE,Echymipera,davidi,,,,,"Flannery, 1990",Was under family Peroryctidae.
7018,Echymipera kalubu,ANIMALIA,CHORDATA,PERAMELEMORPHIA,MAMMALIA,PERAMELIDAE,Echymipera,kalubu,,,,,"(Fischer, 1829)","The name has incorrectly been ascribed to Lesson, 1828."
7015,Echymipera clara,ANIMALIA,CHORDATA,PERAMELEMORPHIA,MAMMALIA,PERAMELIDAE,Echymipera,clara,,,,,"(Stein, 1932)",Was under family Peroryctidae.
19711,Rhynchomeles prattorum,ANIMALIA,CHORDATA,PERAMELEMORPHIA,MAMMALIA,PERAMELIDAE,Rhynchomeles,prattorum,,,,,"Thomas, 1920",Was under family Peroryctidae.
12650,Macrotis lagotis,ANIMALIA,CHORDATA,PERAMELEMORPHIA,MAMMALIA,THYLACOMYIDAE,Macrotis,lagotis,,,,,"(Reid, 1837)","<p>Several subspecies have been described:</p>  <p><em>M. l. lagotis </em>(Reid, 1837). South-west of Western Australia (extinct)</p>  <p><em>M. l. cambrica</em> Troughton, 1932. Eastern New South Wales (extinct)</p>  <p><em>M. l. grandis</em> Troughton, 1932. South-eastern South Australia (extinct)</p>  <p><em>M. l. interjecta</em> Troughton, 1932. Nullarbor Plain, Western Australia (extinct)</p>  <p><em>M. l. nigripes</em> (Jones, 1923). South Australia (extinct)</p>  <p><em>M. l. sagitta</em> (Thomas, 1905). Central Australia.</p>    <p>However, genetic research suggests that currently-extant subpopulations (including the isolated subpopulation in south-western Queensland) show very little genetic variation (Moritz <em>et al</em>. 1997) and the subspecies are unlikely to be valid. As the former distribution was more or less continuous, extinct subspecies are equally unlikely to be valid. No subspecies are recognised in the 2012 Action Plan.</p>"
2787,Bettongia tropica,ANIMALIA,CHORDATA,DIPROTODONTIA,MAMMALIA,POTOROIDAE,Bettongia,tropica,,,,,"Wakefield, 1967",Groves in Wilson and Reeder (1993) considered this to be a synonym of <em>B. penicillata</em>. See Nowak (1999) for other arguments. The Australasian Marsupial SG maintain this as a good species (Andrew Burbidge pers. comm).
10863,Isoodon auratus,ANIMALIA,CHORDATA,PERAMELEMORPHIA,MAMMALIA,PERAMELIDAE,Isoodon,auratus,,,,,"(Ramsay, 1887)","The taxonomy of the <em>Isoodon obesulus</em> / <em>auratus</em> group has been confused. Pope <em>et al</em>. (2001) and Zenger <em>et al</em>. (2005) suggested that <em>I. auratus</em> is possibly conspecific with <em>I. obesulus</em>, but the two forms were allopatric even if the late Pleistocene subfossil material is included (McKenzie <em>et al</em>. 2008), and Westerman <em>et al</em>. (2012) showed that the two species were distinct. The status of subspecies of <em>I. auratus</em> has also been unclear, but Westerman <em>et al</em>. (2012) agreed that <em>I. a. arnhemensis</em> should be merged with <em>I. a. auratus</em> and that <em>I. a. barrowensis</em> was also close to <em>I. a. auratus</em>.<br/><br/>We have evaluated <em>I. auratus</em> as a single species with no subspecies and have evaluated <em>I. peninsulae</em> as a separate species."
40553,Isoodon obesulus,ANIMALIA,CHORDATA,PERAMELEMORPHIA,MAMMALIA,PERAMELIDAE,Isoodon,obesulus,,,,,"(Shaw, 1797)","<p>The taxonomy of the <em>Isoodon obesulus</em> complex has been unsettled. Westerman <em>et al</em>. (2012) concluded that the subspecies <em>I. o. peninsulae</em> was more closely related to <em>I. auratus</em> than <em>I. obesulus</em>, and should be either transferred to that species or raised to a species itself. Following Pope <em>et al</em>. (2001), Zenger <em>et al</em>. (2005) and Westerman <em>et al</em>. (2012), the formerly recognised subspecies <em>I. o. affinis</em> and <em>I. o. nauticus</em> are included here in <em>I. o. obesulus</em>, leaving only one other subspecies, <em>I. o. fusciventer</em> from south-western Australia. We have followed this arrangement. </p>    <p><em>I. o. obesulus</em> (south-eastern Australia) is Near Threatened;</p>  <p><em>I. o. fusciventer</em> (south-western Australia) is Least Concern.</p>"
40554,Perameles nasuta,ANIMALIA,CHORDATA,PERAMELEMORPHIA,MAMMALIA,PERAMELIDAE,Perameles,nasuta,,,,,"É. Geoffroy, 1804",
